Tipo de actividad,Fecha,Favorito,Título,Distancia,Calorías,Tiempo,Frecuencia cardiaca media,FC máxima,TE aeróbico,Cadencia de carrera media,Cadencia de carrera máxima,Ritmo medio,Ritmo óptimo,Ascenso total,Descenso total,Longitud media de zancada,GAP medio,Normalized Power® (NP®),Training Stress Score®,Potencia media,Potencia máxima,Pasos,Repeticiones totales,Series totales,Descompresión,Mejor tiempo de vuelta,Número de vueltas,Tiempo en movimiento,Tiempo transcurrido,Altura mínima,Altura máxima
Carrera,2025-11-13 18:35:58,false,"Bilbao Carrera","8.78","602","00:53:55","152","165","3.5","165","180","6:08","4:45","55","46","0.99","6:08","267","0.0","260","413","8,966","--","--","No","00:04:53.5","9","00:53:04","01:02:30","7","32"
Carrera,2025-11-06 18:11:26,false,"Bilbao - 10km a 5","10.01","678","00:55:13","167","180","4.2","173","183","5:31","4:31","14","13","1.05","5:34","287","0.0","283","366","9,538","--","--","No","00:00:01.7","11","00:54:48","00:56:15","-2","8"
Carrera,2025-11-04 18:45:24,false,"Bilbao - Tempo run","7.64","518","00:41:27","167","186","4.1","170","186","5:26","4:29","40","41","1.08","5:34","291","0.0","283","401","7,068","--","--","No","00:01:42.9","9","00:41:02","00:42:15","12","33"
Carrera,2025-10-28 17:59:25,false,"Bilbao - Series cortas","7.91","530","00:42:53","165","188","4.2","170","196","5:26","3:54","44","35","1.08","5:30","288","0.0","277","439","7,326","--","--","No","00:00:01.2","21","00:42:28","00:42:53","--","16"
Carrera,2025-10-24 17:35:42,false,"Bilbao Carrera","6.33","491","01:00:13","130","165","2.7","118","192","9:31","5:08","151","201","0.89","9:16","208","0.0","152","375","7,572","--","--","No","00:03:14.0","7","00:51:40","01:00:13","17","150"
Carrera,2025-10-21 13:18:06,false,"Bilbao - Trote muy suave","6.67","401","00:37:44","138","147","3.0","175","185","5:39","4:27","35","58","1.01","5:44","266","0.0","263","342","6,616","--","--","No","00:03:52.1","7","00:37:33","00:37:44","17","62"
Carrera,2025-10-18 19:10:17,false,"Bilbao - Carrera de medio maratón","21.63","1,381","01:47:49","169","189","5.0","179","192","4:59","2:53","78","91","1.12","5:02","302","0.0","298","543","19,232","--","--","No","00:00:31.0","23","01:47:43","01:47:49","6","35"
Carrera,2025-10-15 13:25:38,false,"Bilbao - Repeticiones: velocidad","5.18","318","00:27:06","147","170","3.3","173","198","5:14","3:53","34","45","1.11","5:24","280","0.0","273","423","4,764","--","--","No","00:00:30","24","00:27:04","00:27:06","15","56"
Carrera,2025-10-13 13:19:12,false,"Bilbao - Carrera mientras está cansado","13.94","925","01:20:44","154","176","4.2","160","173","5:48","4:35","65","85","1.08","5:51","279","0.0","270","371","12,922","--","--","No","00:02:00","16","01:19:02","01:20:44","5","50"
Entrenamiento en cinta,2025-10-09 20:11:04,false,"Entrenamiento en cinta","4.88","367","00:30:05","157","169","3.6","157","163","6:10","5:55","--","--","1.04","--","251","0.0","250","269","4,690","--","--","No","00:00:20.4","4","00:30:04","00:30:05","--","--"
Entrenamiento en cinta,2025-10-07 19:24:17,false,"Entrenamiento en cinta","3.50","241","00:21:17","152","182","3.2","156","176","6:05","4:41","--","--","1.01","--","252","0.0","241","341","3,330","102","13","No","00:00:54.0","3","00:20:36","00:22:44","--","--"
Carrera,2025-10-05 17:35:09,false,"Bilbao - Trote suave","4.22","251","00:28:06","124","135","2.2","164","171","6:39","5:26","11","47","0.92","6:50","228","0.0","224","311","4,610","--","--","No","00:02:00","5","00:28:06","00:28:06","17","58"
Entrenamiento en cinta,2025-09-30 18:53:24,false,"Entrenamiento en cinta","0.78","44","00:04:53.4","126","136","0.7","157","165","6:18","6:05","--","--","1.01","--","245","0.0","241","251","760","--","--","No","00:04:53.4","1","00:04:53","00:04:53.4","--","--"
Carrera,2025-09-16 18:06:41,false,"Bilbao - Trote suave","4.33","273","00:28:24","133","147","2.4","161","181","6:34","5:39","36","58","0.95","6:50","244","0.0","232","357","4,588","--","--","No","00:00:26","6","00:27:21","00:37:27","26","57"
Carrera,2025-09-12 17:14:27,false,"Bilbao - Carrera","17.54","1,095","01:41:47","143","160","4.0","168","188","5:48","4:45","83","108","1.03","5:51","272","0.0","264","347","17,130","--","--","No","00:00:14.6","21","01:39:26","01:41:48","5","51"
Carrera,2025-09-10 13:16:34,false,"Bilbao - Contrarreloj","8.14","467","00:43:27","113","167","3.3","168","194","5:20","3:40","44","60","1.11","5:24","289","0.0","275","488","7,360","--","--","No","00:00:02.3","16","00:42:58","00:43:27","12","54"
Carrera,2025-09-09 13:13:56,false,"Bilbao - Carrera mientras está cansado","12.28","696","01:05:13","144","176","3.8","169","182","5:19","4:12","56","93","1.11","5:24","280","0.0","274","387","11,072","--","--","No","00:00:55.0","15","01:04:47","01:05:13","14","60"
Carrera,2025-09-05 13:37:14,false,"Bilbao - Trote suave","7.38","438","00:42:32","139","154","3.2","164","184","5:46","4:45","44","53","1.06","5:50","266","0.0","261","344","6,964","--","--","No","00:01:57.2","10","00:42:20","00:42:32","32","58"
Carrera,2025-09-03 13:17:59,false,"Bilbao - Contrarreloj","10.01","611","00:56:50","155","190","4.0","161","184","5:41","3:23","51","86","1.09","5:47","277","0.0","261","469","9,096","--","--","No","00:01:53.0","17","00:56:32","00:59:17","12","62"
Carrera,2025-09-02 13:51:31,false,"Bilbao - Carrera mientras está cansado","11.65","719","01:08:03","152","185","4.0","163","176","5:50","4:15","46","68","1.05","5:56","257","0.0","251","361","11,074","--","--","No","00:00:04.0","15","01:07:30","01:08:03","13","40"
Carrera,2025-08-28 18:14:56,false,"Bilbao - Trote suave","7.20","464","00:43:19","149","167","3.4","161","169","6:01","5:14","55","45","1.04","6:02","257","0.0","253","346","6,926","--","--","No","00:00:44.0","10","00:43:17","00:43:19","9","29"
Carrera,2025-08-27 14:01:38,false,"Bilbao - Carrera mientras está cansado","8.13","527","00:49:10","150","175","3.4","159","187","6:03","4:41","58","63","1.04","6:03","259","0.0","256","379","7,824","--","--","No","00:02:00","9","00:49:01","00:49:10","32","52"
Carrera,2025-08-22 18:25:52,false,"Bilbao Carrera","5.98","383","00:28:19","181","194","4.5","170","187","4:44","3:56","34","40","1.24","4:44","325","0.0","322","413","4,038","--","--","No","00:00:01","7","00:28:19","00:28:19","6","17"
Carrera,2025-08-21 18:37:56,false,"Bilbao - Trote suave","5.65","358","00:33:11","148","164","3.1","157","167","5:52","4:41","38","69","1.08","5:56","270","0.0","266","365","5,192","--","--","No","00:01:52.0","7","00:33:08","00:33:11","8","55"
Carrera,2025-08-14 11:33:35,false,"Bilbao - Carrera","16.13","1,056","01:35:01","159","173","4.3","160","169","5:53","4:33","57","94","1.06","6:04","258","0.0","253","352","15,258","--","--","No","00:02:00","17","01:33:49","01:38:49","5","54"
Carrera,2025-08-13 13:26:41,false,"Bilbao - Contrarreloj","8.58","544","00:49:23","155","187","3.6","160","179","5:45","3:18","38","75","1.08","5:58","276","0.0","257","448","7,890","--","--","No","00:00:26.2","12","00:49:09","00:50:22","4","58"
Carrera,2025-08-06 19:55:36,false,"Bilbao - Repeticiones: velocidad","9.45","653","00:55:00","159","188","4.4","158","184","5:49","4:00","38","50","1.08","5:54","293","0.0","266","419","8,780","--","--","No","00:00:32.8","19","00:54:14","00:55:21","29","57"
Carrera,2025-08-05 08:35:20,false,"Bilbao - Carrera mientras está cansado","5.22","340","00:33:20","141","154","3.0","157","191","6:23","4:56","35","75","1.00","6:31","252","0.0","241","346","4,316","--","--","No","00:02:00","6","00:32:15","00:33:28","8","49"
Carrera,2025-08-03 14:07:14,false,"Bilbao - Carrera","13.20","867","01:24:00","149","160","3.7","161","185","6:22","4:50","45","134","0.98","6:29","247","0.0","243","330","13,474","--","--","No","00:00:02.2","15","01:22:55","01:39:44","6","109"
Carrera,2025-07-30 13:30:04,false,"Bilbao - Repeticiones: velocidad","8.24","561","00:47:47","157","187","4.1","158","225","5:48","3:59","35","36","1.08","5:59","288","0.0","262","425","7,562","--","--","No","00:00:01.7","19","00:47:01","00:48:46","4","21"
Carrera,2025-07-29 19:46:51,false,"Bilbao - Carrera mientras está cansado","8.44","565","00:48:31","158","182","3.9","159","181","5:45","3:52","52","58","1.09","5:50","281","0.0","275","397","7,596","--","--","No","00:00:17","11","00:48:15","00:48:31","3","20"
Carrera,2025-07-27 17:52:14,false,"Bilbao - Carrera","13.01","848","01:17:30","150","164","3.9","158","172","5:58","4:13","60","75","1.06","5:57","274","0.0","269","386","12,252","--","--","No","00:02:00","14","01:17:04","01:19:05","12","46"
Carrera,2025-07-25 10:09:58,false,"Carrera 2","1.28","77","00:08:55.7","138","151","3.2","149","169","7:00","5:52","9","4","0.96","7:31","211","0.0","198","266","1,346","--","--","No","00:01:58.8","2","00:08:36","00:09:34.0","3","11"
Carrera,2025-07-25 09:29:06,false,"Carrera 1","4.67","334","00:31:45","147","166","3.1","148","193","6:48","5:04","37","50","0.99","6:51","250","0.0","229","361","4,826","--","--","No","00:02:00","6","00:29:20","00:34:19","-1","20"
Carrera,2025-07-24 18:14:43,false,"Bilbao - Repeticiones: velocidad","6.36","429","00:37:04","156","187","3.7","157","182","5:50","3:49","31","35","1.09","5:50","289","0.0","269","430","5,848","--","--","No","00:01:30","16","00:36:52","00:37:04","11","27"
Carrera,2025-07-17 21:29:53,false,"Bilbao - Repeticiones: velocidad","5.31","365","00:31:03","158","185","3.6","153","217","5:51","3:40","28","26","1.11","5:52","287","0.0","264","463","4,788","--","--","No","00:00:35.0","18","00:30:49","00:31:03","12","27"
Carrera,2025-07-14 21:42:40,false,"Bilbao - Contrarreloj","3.30","217","00:19:31","150","189","3.0","155","215","5:55","4:04","19","20","1.08","5:57","284","0.0","265","404","3,016","--","--","No","00:00:02.1","6","00:19:19","00:19:31","16","26"
Carrera,2025-07-02 09:17:45,false,"Bilbao - Contrarreloj","4.09","259","00:22:03","155","189","3.2","161","186","5:24","3:56","17","20","1.14","5:29","300","0.0","279","395","3,592","--","--","No","00:02:01.0","6","00:22:01","00:22:03","13","26"
Carrera,2025-07-01 09:06:42,false,"Bilbao - Carrera mientras está cansado","5.59","362","00:32:13","148","169","3.3","162","197","5:45","4:00","35","51","1.07","5:47","273","0.0","268","384","5,222","--","--","No","00:00:52.5","8","00:32:04","00:32:13","14","34"
Carrera,2025-06-29 12:28:46,false,"Bilbao - Carrera","8.46","614","00:54:55","156","174","3.6","156","168","6:30","4:45","45","38","0.99","6:29","256","0.0","244","358","8,566","--","--","No","00:01:10.4","10","00:53:13","00:54:55","14","43"
Entrenamiento en cinta,2025-06-25 12:26:13,false,"Trote suave","3.80","252","00:24:03","139","153","2.8","156","210","6:20","5:40","--","--","1.00","--","247","0.0","240","277","3,744","--","--","No","00:00:00.4","5","00:23:52","00:24:03","--","--"
Carrera,2025-06-24 18:39:03,false,"Bilbao - Carrera mientras está cansado","7.02","485","00:43:05","155","192","3.4","158","188","6:08","3:46","19","24","1.03","6:11","267","0.0","254","398","6,802","--","--","No","00:01:31.8","9","00:42:18","00:43:05","11","29"
Carrera,2025-06-19 10:13:47,false,"Bilbao - Trote suave","5.23","342","00:33:46","142","155","2.7","158","165","6:28","4:49","25","53","0.98","6:35","243","0.0","238","335","5,322","--","--","No","00:00:57.6","7","00:33:21","00:33:46","9","37"
Carrera,2025-06-17 12:46:18,false,"Bilbao - Carrera mientras está cansado","5.44","370","00:32:17","148","175","3.2","159","183","5:56","4:44","23","36","1.06","6:03","270","0.0","265","361","5,166","--","--","No","00:01:39.5","7","00:31:50","00:32:17","2","20"
Carrera,2025-06-15 19:57:14,false,"Bilbao - Carrera de referencia","6.15","389","00:35:56","141","169","3.0","163","180","5:50","4:02","30","54","1.05","5:53","283","0.0","273","400","5,824","--","--","No","00:00:28.7","9","00:35:54","00:35:56","19","43"
Carrera,2025-06-12 07:34:29,false,"Carrera","3.47","238","00:21:55","141","159","2.7","152","171","6:19","2:41","9","14","1.04","6:18","262","0.0","247","606","3,410","--","--","No","00:02:45.4","4","00:21:02","00:22:04","7","16"
Carrera,2025-05-24 12:41:33,false,"Bilbao Carrera","3.47","224","00:18:07","153","166","3.0","165","172","5:13","4:31","24","20","1.16","5:12","311","0.0","308","384","2,976","--","--","No","00:02:26.7","4","00:18:05","00:18:07","14","26"
Carrera,2025-05-21 13:08:56,false,"Bilbao - Base","6.99","461","00:40:16","147","165","3.2","166","188","5:45","4:25","35","52","1.05","5:49","285","0.0","279","423","6,650","--","--","No","00:02:37.9","8","00:40:13","00:40:16","5","26"
Carrera,2025-05-15 18:42:48,false,"Bilbao Carrera","5.17","328","00:30:51","137","154","2.7","165","174","5:58","3:34","34","44","1.02","5:57","289","0.0","277","505","5,092","--","--","No","00:01:05.0","6","00:30:38","00:30:51","-12","7"
Carrera,2025-05-08 16:22:51,false,"Bilbao Carrera","7.17","483","00:41:57","144","161","3.2","160","182","5:51","3:11","39","57","1.06","5:59","285","0.0","268","502","6,914","--","--","No","00:01:15.2","8","00:40:05","00:41:57","2","29"
Trail running,2025-05-04 09:30:25,false,"Barrika Pirata Trail 2025","12.81","1,073","01:19:19","173","187","5.0","149","238","6:12","3:49","362","363","1.09","5:53","301","0.0","266","489","12,394","--","--","No","00:04:22.3","13","01:16:03","01:19:19","5","128"
Carrera,2025-05-02 12:41:17,false,"Bilbao Carrera","5.31","334","00:30:04","137","148","2.7","166","174","5:40","4:39","24","33","1.07","5:42","287","0.0","283","374","4,966","--","--","No","00:01:49.6","6","00:30:03","00:30:04","15","29"
Trail running,2025-04-30 15:37:05,false,"Zalla - Base","5.06","382","00:38:37","138","154","2.4","148","200","7:38","3:39","130","158","0.88","7:08","245","0.0","225","378","5,900","--","--","No","00:00:22.7","6","00:38:26","00:38:37","481","556"
Carrera,2025-04-29 15:19:20,false,"Bilbao - Base","6.89","432","00:40:01","140","152","3.0","165","178","5:48","4:36","52","68","1.04","5:55","275","0.0","271","396","6,610","--","--","No","00:00:01.1","8","00:39:51","00:40:01","4","29"
Trail running,2025-04-27 10:00:10,false,"BKT - Loiu Trail 2025","10.05","842","01:03:45","175","190","5.0","151","235","6:20","3:46","382","381","1.04","5:51","294","0.0","260","474","10,238","--","--","No","00:00:22","11","01:02:22","01:03:45","25","281"
Carrera,2025-04-26 16:59:40,false,"Bilbao - Base","4.55","294","00:26:33","145","174","3.0","163","210","5:50","3:43","31","31","1.05","5:57","288","0.0","270","457","4,374","--","--","No","00:03:30.6","5","00:26:09","00:30:14","5","21"
Trail running,2025-04-24 17:46:35,false,"Bilbao - Base","9.49","671","01:00:23","151","178","3.6","160","178","6:22","4:47","283","223","0.98","5:58","276","0.0","267","413","9,674","--","--","No","00:03:42.4","10","01:00:03","01:08:27","14","248"
Carrera,2025-04-23 17:32:31,false,"Bilbao Carrera","4.95","291","00:31:18","127","149","2.3","161","179","6:20","4:51","67","107","0.98","6:37","249","0.0","244","377","5,082","--","--","No","00:05:50.7","5","00:30:55","00:33:48","21","71"
Trail running,2025-04-16 12:12:17,false,"Arrigorriaga Trail running","5.63","408","00:34:30","154","176","3.3","156","246","6:08","4:12","167","166","1.04","5:44","287","0.0","273","420","5,410","--","--","No","00:03:09.6","6","00:34:29","00:34:30","80","238"
Carrera,2025-04-13 20:31:49,false,"Bilbao - Tirada larga","16.81","1,032","01:35:48","141","152","3.6","161","180","5:42","3:54","46","62","1.09","5:48","279","0.0","274","437","15,418","--","--","No","00:00:45.7","18","01:35:06","01:35:48","-11","30"
Carrera,2025-04-11 18:51:10,false,"Bilbao - Anaeróbica","8.99","580","00:50:01","149","181","3.4","165","200","5:34","3:18","38","43","1.09","5:38","302","0.0","288","479","8,196","--","--","No","00:00:01.2","19","00:49:58","00:50:01","0","20"
Carrera,2025-04-09 12:51:44,false,"Bilbao - Base","6.01","389","00:36:26","138","164","3.0","156","214","6:04","3:49","31","45","1.04","6:13","275","0.0","263","470","5,786","--","--","No","00:00:05.6","7","00:35:28","00:39:52","9","32"
Carrera,2025-04-08 21:07:25,false,"Bilbao - VO2 má​ximo","5.11","331","00:25:55","160","179","3.4","168","213","5:04","3:50","15","25","1.16","5:08","320","0.0","303","398","4,384","--","--","No","00:01:00","17","00:25:55","00:25:55","8","23"
Carrera,2025-04-08 20:41:31,false,"Bilbao Carrera","3.35","207","00:22:48","115","129","2.0","156","168","6:49","5:50","19","20","0.94","6:49","245","0.0","242","323","3,544","--","--","No","00:02:18.4","4","00:22:46","00:22:48","15","25"
Carrera,2025-04-06 17:20:46,false,"Bilbao - Base","7.39","484","00:40:01","151","161","3.5","165","177","5:25","4:27","38","52","1.12","5:27","303","0.0","299","399","6,588","--","--","No","00:00:00.5","9","00:39:57","00:40:01","4","27"
Carrera,2025-04-04 10:12:27,false,"Bilbao - Anaeróbica","7.33","489","00:40:59","152","180","3.5","164","200","5:36","3:26","44","41","1.09","5:35","308","0.0","293","497","6,720","--","--","No","00:01:00","14","00:40:57","00:40:59","9","22"
Carrera,2025-04-02 13:23:56,false,"Bilbao Carrera","3.52","215","00:21:30","123","142","2.3","161","172","6:07","4:50","12","21","1.01","6:14","267","0.0","261","344","3,460","--","--","No","00:02:52.9","4","00:21:26","00:21:30","16","31"
Carrera,2025-04-01 19:17:08,false,"Bilbao Carrera","3.31","212","00:23:34","123","144","2.0","156","165","7:08","5:47","18","22","0.90","7:09","234","0.0","227","328","3,682","--","--","No","00:02:02.2","4","00:23:01","00:23:34","13","27"
Carrera,2025-03-30 09:00:20,false,"Guecho - Carrera de medio maratón","21.21","1,381","01:53:05","160","185","5.0","170","183","5:20","4:38","65","39","1.10","5:20","296","0.0","294","370","19,212","--","--","No","00:00:29.3","23","01:52:50","01:53:05","-17","12"
Carrera,2025-03-28 12:01:50,false,"Bilbao - Trote suave","5.87","373","00:40:01","128","142","2.4","154","173","6:49","5:24","39","36","0.95","6:52","251","0.0","241","349","6,158","--","--","No","00:00:00.6","8","00:38:57","00:40:01","5","18"
Carrera,2025-03-26 11:25:18,false,"Bilbao - Carrera al ritmo","10.26","668","01:00:01","147","172","4.0","164","183","5:51","4:22","44","57","1.04","5:52","285","0.0","274","407","9,838","--","--","No","00:00:01.0","13","00:59:51","01:00:01","14","33"
Carrera,2025-03-25 19:26:38,false,"Bilbao - Trote suave","2.08","129","00:16:54","114","130","1.1","153","161","8:08","5:54","10","15","0.80","8:05","207","0.0","200","290","2,606","--","--","No","00:04:00.9","3","00:16:41","00:16:54","14","23"
Carrera,2025-03-23 16:45:14,false,"Bilbao - Trote suave","7.28","448","00:45:00","130","153","2.8","164","181","6:11","4:15","33","42","0.98","6:13","264","0.0","258","380","7,424","--","--","No","00:00:00.4","10","00:44:44","00:45:00","6","19"
Carrera,2025-03-21 12:12:36,false,"Bilbao - Carrera con ritmo de meta","7.73","510","00:46:42","147","168","3.4","159","178","6:02","3:40","76","71","1.04","6:09","278","0.0","267","445","7,466","--","--","No","00:02:05.2","9","00:46:09","00:46:42","2","23"
Carrera,2025-03-19 12:04:30,false,"Bilbao - Carrera con ritmo de meta","9.71","634","00:58:50","145","169","3.5","159","174","6:04","4:49","54","89","1.04","6:11","274","0.0","267","362","9,364","--","--","No","00:00:51.7","12","00:58:32","00:58:50","4","52"
Carrera,2025-03-13 12:27:43,false,"Bilbao - Carrera al ritmo","10.33","701","01:00:01","151","190","4.1","162","176","5:49","3:26","46","58","1.05","6:12","291","0.0","265","511","9,712","--","--","No","00:00:01.4","13","00:56:22","01:00:01","6","25"
Carrera,2025-03-11 14:33:28,false,"Bilbao - Trote suave","5.68","380","00:35:05","139","155","2.8","160","170","6:11","4:01","39","40","1.01","6:29","266","0.0","255","469","5,586","--","--","No","00:00:04.9","8","00:33:25","00:35:05","-3","17"
Carrera,2025-03-10 12:26:13,false,"Bilbao - Carrera con ritmo de meta","9.10","618","00:54:42","149","170","3.6","161","173","6:01","4:27","43","41","1.03","5:49","285","0.0","275","385","8,756","--","--","No","00:01:20.1","11","00:53:57","00:54:42","--","17"
Carrera,2025-03-07 13:34:44,false,"Bilbao - Trote suave","5.78","396","00:35:42","143","163","2.9","157","165","6:11","3:11","42","54","1.03","5:47","314","0.0","295","552","5,592","--","--","No","00:02:11.7","7","00:35:37","00:35:42","8","30"
Carrera,2025-03-04 20:11:49,false,"Bilbao - Trote suave","5.59","365","00:38:27","127","147","2.3","154","169","6:53","4:01","28","37","0.94","6:57","248","0.0","240","451","5,948","--","--","No","00:00:05.3","7","00:37:59","00:38:27","8","26"
Carrera,2025-02-25 20:04:07,false,"Bilbao - Trote suave","10.00","642","01:00:07","137","151","3.1","164","173","6:01","4:42","37","30","1.02","6:09","276","0.0","271","383","9,830","--","--","No","00:00:07.3","13","00:59:33","01:00:07","7","22"
Carrera,2025-02-23 12:57:17,false,"Bilbao - Trote suave","18.01","1,182","01:54:27","140","153","3.6","157","171","6:21","5:28","65","74","1.00","6:24","264","0.0","258","345","18,022","--","--","No","00:00:27.7","20","01:52:52","01:54:27","6","27"
Carrera,2025-02-21 11:45:21,false,"Bilbao - Carrera de progresión","9.01","597","00:53:47","143","182","3.4","162","186","5:58","3:57","96","108","1.03","6:01","289","0.0","280","462","8,718","--","--","No","00:04:21.1","10","00:53:19","00:53:47","7","27"
Carrera,2025-02-20 13:11:26,false,"Bilbao - Carrera con ritmo de meta","10.15","715","00:59:19","157","185","4.2","160","177","5:51","4:13","51","50","1.07","5:53","290","0.0","279","429","9,524","--","--","No","00:00:09.1","13","00:59:02","00:59:19","14","27"
Carrera,2025-02-19 14:29:23,false,"Bilbao - Trote suave","5.94","392","00:35:37","138","152","2.9","160","172","6:00","4:41","36","38","1.04","6:00","280","0.0","275","378","5,690","--","--","No","00:00:14.8","9","00:35:33","00:35:37","7","23"
Carrera,2025-02-11 15:39:51,false,"Bilbao - Trote suave","8.01","549","00:49:03","141","157","3.2","161","171","6:08","4:56","69","67","1.02","6:09","287","0.0","280","411","7,868","--","--","No","00:01:44.4","10","00:49:00","00:49:03","-1","15"
Carrera,2025-02-09 13:33:42,false,"Bilbao - Trote suave","21.17","1,405","02:09:58","141","152","4.0","161","173","6:08","4:37","78","80","1.01","6:10","274","0.0","270","398","20,840","--","--","No","00:02:27.0","23","02:08:53","02:09:58","-2","19"
Carrera,2025-02-08 14:19:44,false,"Bilbao - Trote suave","7.96","507","00:46:59","133","146","2.9","168","180","5:54","5:04","41","53","1.01","6:00","279","0.0","275","367","7,926","--","--","No","00:00:50.3","10","00:46:57","00:46:59","12","39"
Carrera,2025-02-04 11:37:10,false,"Bilbao - Carrera de progresión","6.98","464","00:40:06","143","174","3.3","171","207","5:45","4:21","31","42","1.02","5:51","287","0.0","279","416","6,830","--","--","No","00:00:06.4","10","00:40:04","00:40:06","12","30"
Carrera,2025-01-31 13:39:37,false,"Bilbao - Repeticiones: velocidad","8.83","600","00:51:34","150","176","3.6","163","233","5:51","3:53","32","23","1.05","5:51","295","0.0","274","431","8,460","--","--","No","00:00:14.5","25","00:51:30","00:51:36","5","19"
Carrera,2025-01-30 21:12:40,false,"Bilbao - Trote suave","6.20","431","00:37:18","145","165","3.1","159","177","6:01","4:45","30","36","1.05","6:07","289","0.0","276","387","5,960","--","--","No","00:02:58.3","7","00:35:47","00:41:11","6","22"
Carrera,2025-01-28 17:10:28,false,"Bilbao - Trote suave","5.75","400","00:33:27","146","166","3.2","162","171","5:49","4:35","38","44","1.06","5:46","302","0.0","294","488","5,408","--","--","No","00:02:49.0","7","00:33:25","00:33:27","9","22"
Carrera,2025-01-26 10:30:23,false,"Las arenas - Bilbao 2025","12.23","863","01:02:03","174","187","5.0","165","178","5:04","4:04","180","171","1.20","5:02","352","0.0","346","569","10,186","--","--","No","00:00:14.8","14","01:01:55","01:02:03","-0","20"
Carrera,2025-01-23 18:52:29,false,"Bilbao - Trote suave","7.97","568","00:50:07","144","164","3.2","153","171","6:17","3:57","44","48","1.04","6:19","276","0.0","266","471","7,682","--","--","No","00:01:36.9","10","00:49:07","00:50:07","5","21"
Carrera,2025-01-21 11:54:58,false,"Bilbao - Trote suave","17.01","1,129","01:42:03","144","156","3.8","155","173","6:00","3:39","87","100","1.07","6:04","288","0.0","282","489","15,882","--","--","No","00:00:55.4","19","01:40:57","01:42:03","-1","34"
Carrera,2025-01-19 13:32:21,false,"Bilbao - Trote suave","14.53","996","01:30:06","145","165","3.6","155","243","6:12","5:03","64","58","1.04","6:13","276","0.0","271","363","13,966","--","--","No","00:00:06.2","17","01:29:01","01:30:06","2","19"
Carrera,2025-01-17 11:07:25,false,"Bilbao - Trote suave","7.34","509","00:45:07","145","160","3.2","151","161","6:09","4:37","34","42","1.08","6:10","277","0.0","272","384","6,794","--","--","No","00:00:06.8","10","00:44:41","00:45:07","5","21"
Carrera,2025-01-16 18:39:59,false,"Bilbao - Repeticiones: velocidad","8.44","585","00:54:01","145","172","3.5","152","186","6:24","3:55","46","47","1.02","6:21","279","0.0","259","425","8,206","--","--","No","00:00:30","30","00:53:26","00:54:01","8","22"
Carrera,2025-01-15 10:40:36,false,"Bilbao - Trote suave","7.34","483","00:50:02","135","167","2.7","151","200","6:49","5:03","37","52","0.97","7:00","243","0.0","238","343","7,564","--","--","No","00:01:46.4","9","00:49:38","00:50:02","7","29"
Carrera,2025-01-14 14:49:17,false,"Bilbao - Carrera de progresión","6.69","437","00:40:06","140","167","3.2","154","166","6:00","4:22","40","38","1.08","6:03","285","0.0","275","433","6,150","--","--","No","00:00:05.5","9","00:40:00","00:40:06","10","26"
Carrera,2025-01-12 11:04:44,false,"Bilbao - Trote suave","16.01","1,062","01:40:10","143","154","3.8","157","170","6:15","4:46","55","59","1.02","6:19","268","0.0","263","371","15,724","--","--","No","00:00:10.0","18","01:39:04","01:40:10","2","24"
Carrera,2025-01-09 13:59:25,false,"Bilbao - Repeticiones: velocidad","6.60","451","00:42:18","142","169","3.2","152","236","6:25","3:51","40","43","1.03","6:27","269","0.0","252","480","6,506","--","--","No","00:00:16.4","29","00:42:16","00:42:18","4","24"
Carrera,2025-01-08 18:50:58,false,"Bilbao - Carrera de progresión","6.73","460","00:41:26","145","182","3.4","157","174","6:10","3:40","49","63","1.03","6:08","288","0.0","278","484","6,496","--","--","No","00:00:58.6","9","00:41:23","00:41:26","15","40"
Carrera,2025-01-07 11:54:08,false,"Bilbao - Trote suave","7.63","518","00:48:12","141","168","3.2","156","189","6:19","4:11","53","56","1.02","6:22","274","0.0","267","407","7,506","--","--","No","00:01:03.4","10","00:47:29","00:48:12","5","22"
Carrera,2025-01-05 13:10:35,false,"Bilbao - Trote suave","14.01","930","01:28:20","144","158","3.7","158","187","6:18","4:52","84","90","1.00","6:24","271","0.0","265","425","13,934","--","--","No","00:00:37.4","16","01:28:00","01:28:20","-0","21"
Carrera,2025-01-03 12:29:43,false,"Bilbao - Repeticiones de zancada","3.70","242","00:27:05","130","151","2.2","146","209","7:19","3:20","18","17","0.96","7:15","235","0.0","217","496","4,102","--","--","No","00:00:13.3","21","00:26:58","00:27:05","13","23"
Carrera,2025-01-02 12:09:31,false,"Bilbao - Trote suave","4.89","350","00:32:29","145","162","3.0","158","250","6:38","5:45","25","65","0.95","6:44","254","0.0","242","357","5,200","--","--","No","00:00:05.0","9","00:31:38","00:32:29","15","62"
Carrera,2024-12-31 16:31:34,false,"Bilbao - Trote suave","6.55","432","00:40:50","137","155","3.1","161","184","6:14","4:17","64","58","0.99","6:12","272","0.0","264","372","6,594","--","--","No","00:00:50.4","9","00:40:27","00:40:50","18","59"
Carrera,2024-12-30 13:20:56,false,"Bilbao - Trote suave","4.54","309","00:28:09","145","161","3.0","159","221","6:12","4:33","25","21","1.01","6:07","271","0.0","264","382","4,490","--","--","No","00:03:09.4","6","00:28:09","00:28:09","17","29"
Carrera,2024-12-28 11:56:23,false,"Bilbao - Carrera de referencia","1.70","111","00:09:53.7","144","170","2.2","162","178","5:50","4:45","14","13","1.05","5:39","299","0.0","278","424","1,626","--","--","No","00:00:53.7","4","00:09:44.7","00:09:53.7","24","31"
Carrera,2024-12-27 10:22:30,false,"Bilbao Carrera","7.90","649","00:55:57","161","182","4.0","146","212","7:05","4:54","169","119","0.96","6:56","256","0.0","234","389","8,332","--","--","No","00:05:36.5","8","00:53:13","00:55:57","10","108"
Carrera,2024-12-12 10:58:47,false,"Bilbao - Trote suave","12.96","898","01:20:54","152","178","3.7","160","179","6:15","4:41","128","77","1.00","6:15","272","0.0","267","374","12,930","--","--","No","00:00:54.3","15","01:20:24","01:20:54","0","82"
Carrera,2024-12-10 17:49:15,false,"Bilbao - Trote suave","6.52","427","00:41:48","139","183","3.0","157","167","6:25","4:55","46","46","0.99","6:29","261","0.0","251","350","6,540","--","--","No","00:00:01.3","10","00:41:45","00:41:48","14","31"
Carrera,2024-12-04 10:52:44,false,"Bilbao - Carrera de referencia","1.58","100","00:09:08.9","141","160","2.1","163","181","5:47","4:26","6","9","1.05","5:46","292","0.0","273","353","1,490","--","--","No","00:00:08.9","5","00:09:07.5","00:09:08.9","8","17"
Carrera,2024-12-03 10:16:43,false,"Bilbao - Base","5.48","374","00:32:02","149","173","3.3","159","169","5:50","4:43","48","40","1.08","5:43","291","0.0","281","391","5,120","--","--","No","00:00:01.6","7","00:31:50","00:32:09","5","27"
Carrera,2024-12-02 11:33:00,false,"Bilbao - Carrera Intervalos","4.40","307","00:27:39","145","173","3.1","151","181","6:17","3:55","22","23","1.04","6:12","287","0.0","253","440","4,168","--","--","No","00:00:41.1","16","00:27:25","00:27:39","12","22"
Carrera,2024-11-27 11:06:48,false,"Bilbao - Base","7.43","482","00:44:26","144","172","3.3","161","179","5:59","4:32","95","92","1.04","6:05","282","0.0","275","438","7,220","--","--","No","00:01:02.9","9","00:43:53","00:48:00","15","87"
Carrera,2024-11-25 12:51:33,false,"Bilbao - carrera  lunes 25","5.44","373","00:29:33","160","179","3.5","164","171","5:26","4:49","34","29","1.12","5:24","309","0.0","305","406","4,854","--","--","No","00:02:26.0","6","00:29:31","00:29:33","6","20"
Carrera,2024-11-21 10:52:15,false,"Easy run con Egun","5.03","369","00:32:41","145","159","3.1","157","174","6:30","3:58","35","42","0.98","6:18","280","0.0","265","471","5,194","--","--","No","00:00:18.8","6","00:31:16","00:32:41","5","25"
Carrera,2024-11-20 10:32:14,false,"Bilbao - miércoles 20 series fartlek 4x2","3.43","220","00:21:04","138","162","2.5","153","173","6:08","4:03","15","18","1.06","6:21","274","0.0","252","459","3,308","--","--","No","00:01:03.8","9","00:20:48","00:21:04","8","19"
Carrera,2024-11-17 11:00:03,false,"Bilbao Carrera","9.92","671","00:52:17","164","195","5.0","168","181","5:16","4:04","47","143","1.13","5:22","307","0.0","304","432","8,780","--","--","No","00:04:07.2","10","00:52:11","00:52:17","10","115"
Carrera,2024-11-07 18:24:09,false,"Bilbao - Series llano","1.21","85","00:07:08.3","149","174","2.1","138","204","5:55","3:09","3","2","1.16","5:58","324","0.0","235","529","1,044","--","--","No","00:00:04.5","9","00:06:55.8","00:07:08.3","9","12"
Carrera,2024-11-05 12:51:50,false,"Bilbao Carrera","6.37","441","00:37:53","154","179","3.5","160","176","5:57","4:48","31","32","1.05","5:57","279","0.0","276","358","6,050","--","--","No","00:09:16.7","4","00:37:51","00:37:53","22","33"
Carrera,2024-11-03 19:11:08,false,"Carrera","4.10","263","00:24:44","141","160","3.0","153","231","6:02","4:59","31","32","1.08","6:03","274","0.0","263","349","3,820","--","--","No","00:06:00.4","3","00:23:56","00:31:44","14","33"
Carrera,2024-10-30 12:11:31,false,"Bilbao - Base","4.56","303","00:27:46","148","157","3.1","161","168","6:05","5:28","28","25","1.02","6:00","264","0.0","260","333","4,466","--","--","No","00:03:29.6","4","00:27:45","00:27:46","23","36"
Carrera,2024-05-29 09:07:57,false,"Bilbao - Umbral","5.74","388","00:32:18","155","178","3.5","162","181","5:37","4:31","28","33","1.10","5:42","285","0.0","280","367","5,244","--","--","No","00:00:40.2","6","00:32:12","00:33:31","23","36"
Carrera,2024-05-16 16:39:37,false,"Bilbao - Base","5.10","351","00:29:09","155","183","3.5","160","200","5:43","3:41","45","46","1.09","5:37","298","0.0","282","426","4,674","--","--","No","00:02:23.3","4","00:29:01","00:29:09","15","40"
Carrera,2024-05-09 16:48:09,false,"Carrera 5","0.44","21","00:02:54.2","129","135","3.2","164","171","6:33","5:46","1","26","0.93","7:07","208","0.0","208","284","472","--","--","No","00:02:54.2","1","00:02:54","00:02:54.7","16","43"
Carrera,2024-05-09 16:36:20,false,"Carrera 4","0.55","42","00:03:50.9","154","165","3.1","158","163","7:03","6:11","28","--","0.90","5:50","262","0.0","257","311","602","--","--","No","00:03:50.9","1","00:03:50.9","00:05:30.9","4","42"
Carrera,2024-05-09 16:23:46,false,"Carrera 3","1.18","100","00:09:37.9","145","158","3.0","130","181","8:09","5:34","2","20","0.95","8:19","216","0.0","182","279","1,290","--","--","No","00:09:37.9","1","00:08:06","00:09:45.1","-22","-1"
Carrera,2024-05-09 16:06:55,false,"Carrera 2","1.02","78","00:06:21.1","164","172","2.7","157","167","6:15","5:19","11","--","1.02","6:05","278","0.0","266","368","1,012","--","--","No","00:06:21.1","1","00:06:17","00:06:29.0","-46","-33"
Carrera,2024-05-09 15:55:56,false,"Carrera 1","1.03","70","00:05:42.8","154","173","2.1","155","173","5:33","3:53","4","9","1.16","5:37","284","0.0","275","415","938","--","--","No","00:05:42.8","1","00:05:27","00:06:24.8","-47","-39"
Carrera,2024-02-23 13:02:01,false,"Bilbao - Base","4.46","299","00:26:31","144","160","3.1","159","177","5:57","4:38","37","29","1.06","5:46","294","0.0","286","422","4,232","--","--","No","00:07:24.7","3","00:26:17","00:26:31","13","25"
Carrera,2024-01-22 16:11:13,false,"Carrera","3.81","272","00:26:31","140","180","3.0","138","194","6:58","3:38","20","52","1.04","7:03","273","0.0","228","482","3,774","--","--","No","00:04:05.5","3","00:23:57","00:26:34","15","53"
Carrera,2024-01-14 17:42:39,false,"Bilbao Carrera","3.83","294","00:26:26","154","177","3.2","150","222","6:54","3:16","27","29","0.97","6:44","262","0.0","241","538","3,986","--","--","No","00:04:04.1","3","00:25:00","00:26:26","1","13"
Carrera,2024-01-09 17:03:19,false,"Bilbao Carrera","2.40","187","00:26:46","119","146","1.9","99","178","11:09","5:14","60","63","0.90","11:08","182","0.0","124","377","2,968","--","--","No","00:09:48.2","2","00:22:18","00:26:51","15","63"
